name,base_unit,cost
20oz Aluminum Refill,each,0.000000
222ml Club Soda,each,0.810833
250ml Redbull Yellow,each,2.108333
273ml Milk 2 Go - 1%,each,0.778750
273ml Milk 2 Go - Chocolate,each,0.859375
355mL 7-Up,each,0.760833
355mL 7-Up Zero Sugar,each,0.560833
355mL 7-UP ZR SGR,each,0.000000
355mL Brisk Iced Tea,each,0.760833
355ml Bubly Blackberry,each,0.560833
355ml Bubly Cherry,each,0.560833
355ml Bubly Cranberry,each,0.560833
355ml Bubly Lime,each,0.560833
355ml Bubly Orange,each,0.560833
355ml Club Soda,each,0.732500
355mL Diet Mug,each,0.540000
355mL Diet Pepsi,each,0.760833
355ml Dr Pepper,each,0.561250
355ml Dr Pepper Zero Sugar,each,0.560833
355mL Ginger Ale,each,0.760833
355ml Ginger Beer,each,1.382917
355ml Mountain Dew,each,0.760833
355mL Mug Root Beer,each,0.560833
355mL Pepsi,each,0.561250
355mL Pepsi Zero,each,0.760833
355mL Tonic Water,each,0.560833
3pc Dispoable Cutlery,each,0.106780
473 mL Belgian Moon,each,3.430000
473ml Arizona Ice Tea Peach,each,3.790000
473mL Arizona Tea,each,3.790000
473ml Auntie B Hard Blackberry,each,3.290000
473ml Auntie B Hard Lemon,each,3.790000
473ml Auntie B Hard Peach,each,3.790000
473mL Blubble Stash IPA,each,3.680000
473mL Coors Cherry Slush,each,3.790000
473mL Coors Light,each,3.340000
473mL Coors Original,each,3.510000
473ml Coors Pineapple Seltzer,each,0.000000
473ml Farmery Caesar,each,3.247500
473ml Farmery J&L Caesar,each,3.840000
473ml Farmery Light,each,3.170000
473ml Farmery Pale Ale,each,3.510000
473ml Farmery Pickle Caesar,each,3.247500
473ml Farmery Pink Lemonale,each,4.290000
473ml Farmery Virgin Caesar,each,3.590000
473ml Farmery Virgin J&L Caesar,each,2.122917
473ml Farmery Virgin Pickle Caesar,each,2.122917
473mL GIB Island Lager,each,3.170000
473ml Lions Winter Ale,each,2.587500
473ml Milk Jug - 2%,ounce,0.094410
473ml Miller Genuine Draft,each,3.430000
473mL Miller Lite,each,3.510000
473ml Rockstar Fruit Punch,each,2.615000
473ml Rockstar Original,each,2.615000
473mL Somersby Cider,each,0.000000
473mL Topo Chico Signature Margarita,each,3.290000
473ml Virgin Auntie B's Blackberry,each,0.000000
473ml Virgin Auntie B's Lemon,each,0.000000
473ml Virgin Auntie B's Peach,each,0.000000
473mL Vizzy Max,each,3.990000
473mL Vizzy Strawberry Lemonade,each,3.690000
473mL Vizzy Strawberry Mimosa,each,3.580000
473ml WKG Farmery Light,each,3.430000
591mL 7-Up,each,1.397917
591mL Aquafina,each,0.798333
591mL Brisk Iced Tea,each,1.397917
591ml Brisk Lemonade,each,1.154167
591mL Diet Pepsi,each,1.154167
591ml Dr Pepper Cream Soda,each,1.397917
591mL Dr Pepper Zero,each,1.304167
591ml Dr.Pepper,each,1.397917
591ml Gatorade BLUE RASP,each,1.535833
591ml Gatorade Fruit Punch,each,1.535833
591ml Gatorade Lemon Lime,each,1.580000
591ml Gatorade Orange,each,1.535833
591mL Mountain Dew,each,1.397917
591mL Mug Root Beer,each,1.267083
591mL Orange Crush,each,1.267083
591mL Pepsi,each,1.397917
591mL Schweppes Ginger Ale,each,1.304167
6x6 Sandwich Bag,each,0.059960
710mL Gatorade - Orange,each,2.207500
8-inch cocktail straw,each,0.024833
8lbs Clear Bag,each,0.096860
[DO NOT USE] Coffee Citavo Decaf,each,1.253958
Aluminum Foil,roll,49.990000
Angostura Aromatic Bitters,each,10.990000
Aquafina,each,2.518333
Atypique - Amaretto Sour,each,1.967500
Atypique - Mojito,each,1.967500
Atypique - Rhum & Cola,each,1.967500
Bag of Ice - 5lb,each,3.990000
Bag Storage Freezer,each,0.236880
Bakery - Cinna Twist,each,0.866667
Bakery- cinnamon twists,each,0.000000
Bakery- Margarine,ounce,0.292852
Bakery- Muffins,each,1.456333
Bakery- Sticky Bun,each,1.791667
Bakery- Tart,each,0.000000
Bakery-Cookie Dough,each,0.447422
Bakery-OATMEAL RAISIN COOKIE DOUGH,each,54.890000
"Bamboo Straw 8""",each,0.038773
BANQ-Tea Bag Earl Grey,each,0.133571
BANQ-Tea Bag Green,each,0.166500
BANQ-Tea Herbal,each,0.360556
"Bev Straw CKTL BLK 6""",each,0.024752
Beverage - Assorted Straws (Paper),each,0.005189
"Beverage - Straw 6"" Cocktail",each,0.006556
Beverage - Straw Lime,each,0.004988
"Beverage -Cocktail Straw 6"" Pratts",each,0.009264
"Beverage- Straw Plastic 8"" Assorted Colors",each,0.007487
"Beverage-Straw 8"" Cocktail Black Paper",each,0.089952
Beverages-Orange Juice - 1L,ounce,0.080686
BIB - 7-Up 12L,ounce,0.109422
BiB - Brisk Lemonade 12L,ounce,0.148040
BIB - Cranberry 12L,ounce,0.030100
BIB - Diet Pepsi 12L,ounce,0.118417
BIB - Ginger Ale 12L,ounce,0.109422
BIB - Pepsi 20L,ounce,0.106583
Bio Super Straw BLK,each,0.020800
Biodegradable-Fork,each,0.151260
Biodegradable-Knife,each,0.151300
Biodegradable-Spoon,each,0.151300
Bitters- Orange,each,10.990000
Bottle - Coors Light,each,1.460000
bottle - corona,each,2.047500
Bottle - Dos Equis,each,2.170000
Bottle - Molson Canadian,each,1.595417
Bottle - Red Stripe,each,2.170000
Breaded Pickle Chips,ounce,0.351125
Breaded Pickle Spears,ounce,0.233945
BRSK TEA SWL 12L Bib,ounce,0.140228
BUD LIGHT,each,1.600000
BUD LIGHT DO NOT USE,each,1.672500
Bud Light DO NOT USE,each,0.000000
Budweiser,each,1.755833
Buffalo Sauce,ounce,0.138996
Bulk iced tea,each,68.970000
Bulk Ketchup,ounce,0.102570
Bulk Mustard,ounce,0.052567
Bulk Nacho Rounds,gr,0.013724
Bun - Footlong,each,0.750000
Bun - Gluten Free Hamburger Bun,each,2.250417
Bun - Hamburger,each,0.362333
Bun - Hamburger Bun (Coop),each,0.348750
Bun - Hamburger Bun (Sobeys),each,0.395000
Bun - Hot Dog,each,0.362333
Bun - Kaiser,each,0.450000
Bun - Smokie,each,0.550000
Bun-Brioche Bun,each,0.625000
Burger - Burger Sauce,ounce,0.200000
Burger - Burger Seasoning,ounce,0.240000
BUSHEL BAGS,each,124.500000
Butter,ounce,0.349400
Butter Ball,each,0.186991
Butter Tart,each,0.500000
Butter Topping Small,ounce,0.000000
Caesar Rimmer,ounce,0.509260
Caesar Skewer,each,0.000000
Campari,ounce,1.172692
Can - Arizona Hard Iced Tea,each,2.165833
Can - Auntie B (All),each,2.749167
Can - Blue Moon,each,2.165000
Can - Coors Edge Non-Alcoholic,each,1.281667
Can - Coors Light,each,1.908750
Can - Coors Original,each,1.612917
Can - Coors Seltzer (All),each,2.749167
Can - Farmery Caesar,item,3.247500
Can - Farmery Pickle Caesar,each,3.247500
Can - HEINEKEN,each,2.635000
Can - HEINEKEN ZERO,each,1.706667
Can - High Noon,each,2.868750
Can - Hop Valley Bubble Stash,each,2.236667
Can - Lions Winter Ale,each,3.340000
Can - Mikes Hard (All),each,2.436667
Can - Miller Genuine Draft,each,2.040833
Can - Miller Genuine Draft DO NOT USE,each,2.065333
Can - Miller High Life,each,1.427917
Can - Miller Lite,each,1.648333
Can - Molson Canadian,each,1.523750
Can - Molson Ultra,each,1.997333
Can - Molson Ultra DO NOT USE,each,1.951667
Can - Mott's Caesar RTD,each,3.081667
Can - Oakanagan Cider,each,2.774167
Can - Old Style Pilsner,each,1.648750
Can - Original 16 Pale Ale,each,1.680667
Can - Simply Spiked Cranberry,each,2.665833
Can - Smirnoff Ice 355mL,each,2.582500
Can - Virgin Farmery Caesar,each,0.114167
Can - Virgin Farmery Pickle Caesar,each,0.114167
Can - Vizzy Max,each,2.915833
Can - Vizzy Mimosa (All),each,0.000000
Can - Whiteclaw,each,2.474167
Can- Simply naked Lemonade,each,3.198333
Can- Vizzy (All),each,2.190833
Candy - Black Ice Blow Pop,each,0.291667
Candy - Blue Raspberry Drops,ounce,0.244277
Candy - Bob Ross Flavor Palette,each,2.100000
Candy - Bottlecaps,each,1.800000
Candy - Bulk Assorted Gummy Bears,ounce,0.024182
Candy - Bulk Big Foots,each,0.192777
Candy - Bulk Blue Whales,ounce,0.215891
Candy - Bulk Cherry Buttons,ounce,0.368543
Candy - Bulk Cherry Twists,ounce,0.188997
Candy - Bulk Cola Bottles,ounce,0.135936
Candy - Bulk Fuzzy Peaches,ounce,0.192777
Candy - Bulk Gummy Strawberries,kg,9.590000
Candy - Bulk Gummy Worms,ounce,0.211260
Candy - Bulk Holiday Smarties,ounce,0.508841
Candy - Bulk Juju Mix,ounce,0.202987
Candy - Bulk Nerds,ounce,1.261875
Candy - Bulk Peach Slices,kg,7.760000
Candy - Bulk Rainbow Chewies,each,0.080000
Candy - Bulk Smarties,ounce,0.510625
Candy - Bulk Swedish Berries,ounce,0.079228
Candy - Candy Apples,each,3.000000
Candy - Candy Cup (All),each,2.076667
Candy - Candy Jackpot,each,1.943333
Candy - Caramel Apple Pops,each,0.280000
Candy - Christmas Sour Patch Kids,each,1.754167
Candy - Circus Pops Jumbo,each,1.772500
Candy - Crazy Pop Straws,each,1.566500
Candy - Creamy Caramels,each,0.091458
Candy - Freeze Dried Puffs,each,1.957917
Candy - Fuzzy Peach,each,1.832500
Candy - Giant Pixy Stick,each,0.300000
Candy - Halls Cherry,each,1.325500
Candy - Jello Candy Box,each,2.000000
Candy - Jolly Rancher Chews,each,1.700000
Candy - Jumbo Jawbreaker,each,3.332500
Candy - Jump Sour Soothers,each,0.291667
Candy - Koolaid Candy Cane,each,0.281597
Candy - Livewire Assorted,each,0.046833
Candy - Livewire Blue Raspberry,each,0.045167
Candy - Livewire Cup,each,2.600000
Candy - Livewire Strawberry,each,0.045167
Candy - Lotsa Fizz Strips,each,0.307292
Candy - M&M Plain,each,1.442500
Candy - Mario Brick Jawbreakers,each,2.750000
Candy - Mentos Fruit,each,0.957500
Candy - Mentos Rainbow,each,1.050500
Candy - Mini Candy Canes,each,0.066875
Candy - Moritz Icy Squares,each,0.247417
Candy - Nerd Ropes Blue,each,1.800000
Candy - Nerd Ropes Orange,each,1.650000
Candy - Nerd Ropes Red,each,1.648750
Candy - NHL Candy Cane,each,2.130000
Candy - Ring Pop Fruit,each,0.803750
Candy - Skittles Double Sour,each,1.433750
Candy - Skittles Original,each,1.433889
Candy - Skull Lollipop Rings,each,0.666667
Candy - Sour Cherry Cola Bottles,ounce,0.271872
Candy - Sour Patch Kids,each,1.832500
Candy - Sour Soothers,ounce,0.198446
Candy - Tiger Pops,each,0.085550
Candy - Toxic Waste Atomz,each,1.250000
Candy - Twizzlers (90g),each,1.359167
Candy - Warheads Sour Spray,each,1.950000
Candy - Watermelon Slices,ounce,0.219992
Candy Mint Spearmint,kg,18.832000
Candy Mint spearmint striped,each,0.022560
CARROTS LOOSE,each,0.998000
Carton - Tropical Juice,ounce,0.089323
CC & Ginger,each,2.665000
Celery Stock,each,3.990000
Chafing Fuel (all),each,2.923056
CHAFNG Fuel 4Hour DO NOT USE,each,2.115000
Cheemo Perogi,each,6.705000
Cheese - Shredded Pub Mix,ounce,0.460424
Cheese- sliced Processed,slice,0.212734
Chemical Test Strips,each,0.797333
Chicken Fingers,each,0.923375
Chicken Fingers (Sysco),ounce,0.391932
Chicken Wing Cadillac,kg,14.147500
Chicken Wing Cadillac -CA,each,0.642500
Chips - Arriba Nacho 45g Taco in a bag,each,0.720000
Chips - Arriba Nacho 72G Bag,each,1.510000
Chips - Arriba Nacho 84G Bag,each,1.560000
Chips - Cheezies,each,0.840000
Chips - Jalapeno Cheddar,each,1.450000
Chips - Ketchup,each,0.550000
Chips - Original,each,0.720000
Chips - Popcorn Twists,each,0.720000
Chips - Salt & Vinegar,each,0.550000
Chips - Seasoned Pretzels,each,3.980000
Chips Ketchup 66g,each,1.510000
Chips Original 66g,each,1.510000
Chips Popcorn Twists 55g,each,1.510000
Chips S&V 66g,each,1.450000
Chips SC & Onion 66g,each,1.350000
Chips- Hawkins cheezies 70g,each,1.800000
Chocolate Bar - Aero,each,1.589375
Chocolate Bar - Caramilk,each,1.422500
Chocolate Bar - Eatmore,each,1.239583
Chocolate Bar - Hershey's Harry Potter,each,1.800000
Chocolate Bar - Kit Kat,each,1.509375
Chocolate Bar - Oh Henry,each,1.395833
Chocolate Bar - Toblerone,each,1.265833
Citavo Decaf Coffee,each,0.002083
Clamato Juice - 1.89L,ounce,0.069941
Cleaner - White Cloth Towels,each,0.510267
Cleaner Degrsr Disp,each,158.900000
Cleaner Drain Grease Digestant,each,322.350000
Cleaner- Comet,each,1.947500
Cleaner- Degreaser,each,29.320000
Cleaner- Stainless Steel Scrub Pads,each,1.553333
Cleaner- Urnex coffee urns,each,0.254600
Cleaner-Blue Towels,each,0.194950
Cleaner-Distilled Vinegar Jug,ounce,0.034897
Cleaner-Grill Bricks,each,4.582500
Cleaner-Grill Cleaner,each,1.771000
Cleaner-KOOL KLENE,each,62.900000
Cleaner-Pad Griddle Polish pad 4x6,each,1.164167
Cleaner-Quat Sanitizer Bottle,each,8.578333
Cleaner-Quat Sanitizer Jug,each,30.115000
Cleaner-Sprayer Trigger,each,0.009200
Cleaning - Clear Bag Food Grade 30x50,each,0.376550
Cleaning - Heavy Duty Gloves (Large),each,5.340833
Cleaning - Heavy Duty Gloves (Medium),each,5.385000
Cleaning - Lemon Pot/Pan Detergent,each,22.835000
Cleaning - Mop Head White,each,8.990000
"Cleaning - Oil Filter Cone 10""",each,0.392360
Cleaning - Paper Towels,each,0.014381
Cleaning- Gloves - Vinyl,each,0.089990
Cleaning- Stera Sheen Green,ounce,0.413281
Cleaning-GLOVES VINYL MEDIUM,each,0.053080
Cleaning-Green scrub pad,each,0.699000
Clear Plastic Portion Cup 2oz,each,0.033436
Club Soda 2L,ounce,0.030600
CO2 - 20lb Tank,ounce,0.016265
CO2 - Tank Deposit (Count Empty + Full),each,50.000000
CO2 deposit return,each,50.000000
Coffee - Citavo Regular,each,14.311667
Coffee - Lavazza Coffee,ounce,0.925000
Coffee - Lavazza Decaf,ounce,0.968750
Coffee - Premium Decaf,portion,2.897500
Coffee - Small Filters,each,0.019000
Coffee - Tim Horton Decaf,ounce,0.951286
Coffee Cup Jackets,each,0.054975
Coffee Filter Bunn 6 Gal 20x8,each,0.159160
Coffee Filters,each,0.057000
Coffee French Vanilla,ounce,0.208333
Coffee Hot Chocolate,ounce,0.234375
Coffee Original Roast,each,5.266250
Coffee Stir Stix Wood,each,0.007999
Compostable - Fork,each,0.159948
Compostable - Knife,each,0.159948
Compostable - Spoon,each,0.159948
Condensed Milk,each,4.990000
Condiment-Bacon,ounce,0.301355
Condiments- Dill Pickles,ounce,0.129935
Condiments- Onions,ounce,1.682000
Condiments- Tomatoes,ounce,0.155333
"Container - 8"" Square Clamshell",each,0.542700
Container - Coffee Carrier,each,0.149967
Container - Flexcone Fry Cup,each,0.222080
Container - Fry Cup,each,0.169990
Container - Large Combo Boxes,each,0.680500
Container - Poutine Box Food TO Kraft #1,each,0.297233
Container - Snack Boxes,each,0.237475
Container-Footlong Boats,each,0.359692
Container-Hamburger Clamshell,each,0.272800
Container-Hot Dog Boats,each,0.089990
Container-Paper Tray - 2lb,each,0.049600
Container-Pizza Clamshell,each,0.460960
Container-Sandwich Wedges,each,0.351960
Container-Soup Bowl w/ Lid,each,0.714367
Cookie - Chocolate Chunk,each,1.363333
Cornnuts BBQ,each,0.870000
Cornnuts Chile Picante,each,0.870000
Cowboy Caviar - 75g Mega Stix Classic,each,2.920000
Cowboy Caviar - 80g Hot 'N Sweet,each,5.400000
Cowboy Caviar - 80g Original,each,5.400000
Cowboy Caviar - 80g Teryaki,each,5.400000
Cranberries,each,3.490000
Cranberry Juice - 1.77L,ounce,0.069917
CRSH ORG Bib 12L,ounce,0.109422
Cup - 12oz Citavo Coffee,each,0.141160
Cup - 12oz Clear Compostable,each,0.118010
Cup - 12oz Clear Cup,each,0.156000
Cup - 12oz Coffee,each,0.049990
Cup - 12oz Compostable Coffee Cup,each,0.107270
Cup - 14oz Clear Cup,each,0.119950
Cup - 16oz Slush Puppie,each,0.102500
Cup - 17oz Draft Logo,each,0.125790
Cup - 20oz Aluminum Cup,each,0.515267
Cup - 20oz Clear cup,each,0.159950
Cup - 22oz Pepsi Cup,each,0.063975
Cup - 24oz Paper Cup,each,0.185750
Cup - 9oz Cold Cup,each,0.102250
Cup - Caesar Cup,each,0.000000
Cup - Plastic Portion 3.25oz,each,0.037496
Dairyland 10% Half/Half Cream,ml,0.004615
Delete-Onion Green Icels,each,0.000000
Dinner napkin,each,0.025568
Dish Washer Detergent,each,114.860000
Dish Washer Drying Agent,each,148.410000
Dish Washer Sanitizer,each,45.080000
Dish washer-RINSE AID LOW TEMP,each,188.470000
Dispenser - Cutlerease Fork,each,17.140000
Dispenser - Cutlerease Knife,each,17.140000
Dispenser - Cutlerease Spoon,each,17.140000
Dispenser - Double Base,each,17.140000
Dispenser - Single Base,each,17.140000
Dissolvable Food Labels,each,0.109280
DL Whip Cream,l,4.490000
Dome Lid Compostable Paper 10-20,each,0.129990
Donut bags,each,0.021100
Donut Buckets,each,0.000000
Dressing-Ranch,ounce,0.197891
Drink Crystals cherry,each,2.328333
Drink Crystals iced tea,each,2.325833
Drink Crystals lemonade,each,2.724167
Drink Mix fruit punch,each,2.653333
Drink Mix iced tea,each,2.325833
DRPEP Bib 12L,ounce,0.109422
Edible Candy Cane Shot Glass,each,3.155000
Eggs,each,0.348500
EGGS,each,0.362600
Fabric Bandage,each,0.052500
Fairlee Cranberry Juice,ounce,0.064545
FBRGLS HANDLE,each,104.700000
Filter Coffee,each,0.021100
Flavacol Salt 12X35 (Popcorn),each,6.900000
Floss Sugar - Blue Raspberry,ounce,0.263780
Floss Sugar - Cherry,ounce,0.263780
Floss Sugar - Lime,ounce,0.224038
Floss sugar Bags,each,0.058000
Foil Wrap 12x12,each,0.059990
Fountain Soda- Slush Flavor - Blue Raspberry,ounce,0.192200
Fountain Soda-Red Spoon Straw,each,0.025000
French Fries,ounce,0.107500
French Fries (Extra Crisp),each,6.266667
French Fries Potato Fry 3/8 SKN on,ounce,0.093796
French fries-GRAVY BEEF,each,6.155000
French Fries-Gravy Mix,ounce,0.052862
French fries-Onion Rings,ounce,0.216584
French fry-Hash Brown,ounce,0.138500
Frozen Raspberries,kg,25.524000
Fry Oil,ounce,0.077800
Garbage Bags,each,0.322400
Gin& Tonic,each,2.155000
Good Host lemonade,each,5.102100
Grease Lift,each,0.000000
Green Onions,each,1.490000
Ground Pepper,each,78.280000
Hamburger Buns - White,each,0.301944
Hamburger Clam White,each,0.162180
Hamburger-BEEF BURGER HOMESTYLE,each,1.892000
Hamburger-Breaded Chicken Breast,each,3.251786
Hamburger-Chicken BRST BRD 4.5oz Wave,each,2.529688
Hamburger-Grilled Chicken Breast,each,3.416250
Hamburger-Homestyle Burger Patty 4oz,each,1.782000
Hamburger-Sausage Round,each,0.620400
Hamburger-Vegetable Black Bean,each,0.968300
Harlans Popcorn Butter Salt,each,66.250000
Honey Garlic sauce,ounce,0.131066
Icee BIB - Blue Raspberry,ounce,0.017621
Icee BIB - Cherry,ounce,0.017621
Icee BIB - Lime,ounce,0.017621
Josh Cellars Cab Sav,ounce,0.845769
Juice - 1.89L Orange Pure,ounce,0.072969
Juice - 1L Apple Juice,ounce,0.064988
Juice - 325mL Apple (Tropcna),each,1.684167
Juice - 325mL Orange (Tropcna),each,1.684167
Juice - 355ml Dole Apple Juice,each,0.632500
Juice - 355ml Dole Orange Juice,each,0.632500
Juice - 355ml Dole tropical,each,0.826667
Juice - 355ml Minute Maid Juice,each,1.474167
Juice - 355ml Minute Maid Orange Juice,each,1.474167
Juice - 450mL Apple Juice,each,1.703333
Juice - 450ml Dole Strawberry Kiwi,each,1.713333
Juice - 450mL Orange Juice,each,1.648333
Juice - 547mL Pure Leaf Tea,each,1.999167
Juice - 960ml Orange Juice,ounce,0.072445
Juice - Apple Concentrate,ounce,0.316859
Juice - Apple Juice Box (Oasis),each,0.537000
Juice - Cranberry Concentrate,ounce,0.327812
Juice - Ice Tea Concentrate,ounce,0.258182
Juice - Orange Concentrate,ounce,0.403702
Juice - Orange Juice Box (Oasis),each,0.629000
Juice - Tropicana Orange Juice,each,11.320000
Juice- 1.89 L Apple Pure,l,4.125000
Keg - Coors Light,ounce,0.136991
Keg - Coors Original,ounce,0.144315
Keg Deposit (Count Empty & Full!),each,40.000000
Keg Miller Lite,ounce,0.126220
Keg- Pilsner WK,ounce,0.110282
Ketchup Pump Jugs,each,12.181667
KITCHEN CUTLERY,each,0.165500
L,each,0.000000
Lemons,each,0.990000
Lettuce Ice burg,ounce,0.139583
Lettuce Romaine,each,6.788300
Lettuce Romaine Artisan,each,1.505800
Lid - 12 16 20 24 OZ Beverage,each,0.054050
Lid - 12-16-20-24 OZ LID,each,0.039800
Lid - 21oz Pepsi,each,0.044690
Lid - 22oz Pepsi Lid,each,0.019946
Lid - 24oz Cup,each,0.091370
Lid - Beer/Liquor,each,0.055660
Lid - Coffee,each,0.051290
Lid - Dome No Hole,each,0.064950
Lid - Flat 12 16 20 24,each,0.064950
Lid - Plastic Portion Cup 3.25oz,each,0.020796
Lid - Slush Puppie Dome,each,0.070240
Lid Draft Beer 16 24oz,each,0.088760
Limes,each,0.990000
Lipton Chamomile Tea,each,0.144762
Lipton-Tea Green,each,0.000000
LQR - Appleton Blended Rum - 1.14L,ounce,0.937250
LQR - Bailey's Irish Cream - 1.14L,ounce,1.149750
LQR - Baja Rosa,ounce,1.076500
LQR - Beefeater Gin,ounce,1.074750
LQR - Bison Gin,ounce,1.059231
LQR - Bison Gin 1.14L,ounce,0.949750
LQR - Blue Curacao,ounce,0.945941
LQR - Bols Melon Liqueur - 750ml,ounce,0.922692
LQR - Captain Morgan Coconut 26oz,ounce,0.961154
LQR - Captain Morgan Dark - 1.14L,ounce,0.924750
LQR - Captain Morgan Dark - 750mL,ounce,0.922692
LQR - Captain Morgan Gold - 750mL,ounce,0.922692
LQR - Captain Morgan Spiced - 1.14L,ounce,1.062250
LQR - Captain Morgan Spiced 1.75l,ounce,0.000000
LQR - Captain Morgan White - 1.14L,ounce,0.912250
LQR - Captain Morgan White - 1.75L,ounce,0.833167
LQR - Captain Morgan White - 750mL,ounce,0.922692
LQR - Captain Morgan WHT Spiced,ounce,1.076500
LQR - Creme De Menthe,ounce,1.057308
LQR - Crown Royal - 1.14L,ounce,1.062250
LQR - Disaronno 1.14L,ounce,1.224750
LQR - Don Julio Tequila - 750mL,ounce,3.115000
LQR - Fireball,ounce,0.999615
LQR - Flor De Cana - 750mL,ounce,1.047308
LQR - Forty Creek Whisky - 1.14L,ounce,0.924750
LQR - Frangelico - 750ml,ounce,1.153462
LQR - Grand Marnier - 1.14L,ounce,2.057308
LQR - Jack Daniels - 1.14L,ounce,1.224750
LQR - Jim Beam Bourbon - 1.14L,ounce,1.186154
LQR - Johnnie Walker Gold - 750mL,ounce,3.268846
LQR - Johnnie Walker Red - 1.14L,ounce,1.149750
LQR - Kahlua - 750ml,ounce,1.149750
LQR - Ketel One Vodka 40oz,ounce,0.000000
LQR - Kettle One Vodka,ounce,1.359600
LQR - Long Island Iced Tea Mix,ounce,0.824750
LQR - No.99 Red Cask Whiskey - 750mL,ounce,1.538077
LQR - Paralyzer - 1.14L,ounce,0.776500
LQR - Pendleton Whisky,ounce,1.326538
LQR - Pink Whitney Vodka - 750ml,ounce,1.038077
LQR - Ron Zacapa 23yr Old Rum - 750mL,ounce,3.076538
LQR - Sambuca - 750mL,ounce,0.903462
LQR - Sauza Tequila,ounce,1.403462
LQR - Sauza Tequila - 1.14L,ounce,1.062250
LQR - Seagrams VO RYE - 1.14L,ounce,0.949750
LQR - Seagrams VO RYE - 1.75L,ounce,0.849833
LQR - Skyy Vodka - 1.14L,ounce,0.872250
LQR - Smirnoff Red Label Vodka - 1.14L,ounce,0.890000
LQR - Smirnoff Vanilla - 750mL,ounce,0.980385
LQR - Sour Puss,ounce,0.000000
LQR - Tanqueray #10 - 750mL,ounce,1.807308
LQR - Tanqueray Gin - 1.14L,ounce,1.074750
LQR - Teremana Tequila,ounce,2.153462
LQR - Triple Sec - 750mL,ounce,1.241923
LQR - Vermouth / Martini Rossi - 1L,ounce,0.413734
LQR- Bailey's Vanilla Mint,ounce,1.365000
Lqr- Jagermeister,ounce,1.268846
LQR- JP Wisers Rye,each,0.890000
LQR- Peach Schnapps,ounce,0.884231
LQR- Soju All kinds,ounce,0.898600
LQR-Plastic Shot Glasses,each,0.089785
Maraschino Cherries,each,72.325000
Marble Cheese Block,each,5.490000
Margarita Mix,each,3.824167
Mayonnaise,ounce,0.256080
MDEW 355ml,each,0.560833
Milk 2 Go - 2%,each,2.200000
Milk 2 Go - Chocolate,each,2.313333
Milk Crate Deposit,each,3.000000
Milk Jug - 1%,l,2.030000
Mini Donut Bag FTF,each,0.069900
Mini Donut Pails FTF,each,0.905900
Mini Donut-Donut Mix,ounce,0.063500
Molson Canadian Cider,each,4.050000
Monster - Java Mean Bean,each,3.471667
Motts Margarita Mix,each,6.990000
Motts Pina Colada Mix,ounce,0.125595
MTN DEW Bib 12L,ounce,0.118417
MUG RT BR Bib 12L,ounce,0.109422
Mustard Plastic Pump Jugs,each,9.177500
Nacho - Old Dutch Nacho Trays,each,0.000000
Nacho - Old Dutch Portion Nacho Chips,each,0.000000
Nacho Cheese,ounce,0.159091
Nacho Chip Bulk,ounce,0.184375
Nacho Portion chips,each,1.020000
Nacho Trays,each,0.198000
Nacho-Salsa,ounce,0.228320
Nacho-Sour Cream Tub,ounce,0.198439
Nacho-Taco Beef,ounce,0.417958
Nachos-Deli Rounds,each,3.500000
Nachos-Ghels Cheese,each,20.630000
Napkin - Beverage White,each,0.011405
Napkin Bev BLK,each,0.312800
Napkins - Dispenser,each,0.010665
Office-Tissue Facial,each,1.437667
Old Dutch Beef Jerky,each,1.560000
Oranges,ounce,0.873294
Oyster Bay Sauv Blanc,each,21.490000
Pan Spray,each,5.560000
Paper - Debit Paper,each,0.897000
Paper - Receipt Paper,each,2.565600
Paper Dispenser,each,27.790000
Paper Fork,each,0.081990
"Paper Plate - 6""",each,0.093187
"Paper Plate - 6"" Fluted",each,0.090440
"Paper Plate - 6"" Uncoated Light",each,0.258200
"Paper Plate - 9""",each,0.505680
Paper plate HVY Weight 8.5,each,0.126420
Parchment Paper,each,0.119990
Pepperoni Sticks,each,3.005500
Pickled Beans,ounce,0.214851
Pillsbury Donut Mix,ounce,0.099938
Pink Lemonade Drink Crystals,each,2.653333
Pizza - Cheese Slice,slice,1.610000
Pizza - Featured Slice,slice,1.830000
Pizza - Pepperoni Slice,slice,1.570000
Pizza Donna Italia,each,5.500000
Pizza Slice Canadian,each,0.000000
Pizza wedge,each,0.219980
Plastic Dome Lid 12-24oz,each,0.100920
Plastic Forks,each,0.037150
Plastic Knifes,each,0.037150
Plastic Spoons,each,0.037150
Plastic White Dome Lid,each,0.099630
Plate Paper Hvy Wgt 10 Wise Size,each,0.139500
"Plate Plas BLK 6""",each,0.133400
"Plate Plastic Blk 9""",each,0.436300
Popcorn - 130oz Popcorn Bag,each,0.163400
Popcorn - 170oz Popcorn Bag,each,0.195200
Popcorn - 32oz Popcorn Tub,each,0.262000
Popcorn - 46oz Tub,each,0.290000
Popcorn - 85oz Popcorn Bag,each,0.203940
Popcorn - 85oz Popcorn Tub,each,0.340867
Popcorn - Popcorn Boxes,each,0.317240
Popcorn All-In-One,each,0.913889
Popcorn Bag,each,0.000000
Popcorn Filters,each,457.600000
Popcorn Salt,ounce,0.089112
Popcorn Seed,ounce,0.041106
Popcorn-Butter Topping (4L),ounce,0.168207
Popping Oil (22.4L),ounce,0.246886
Pork Rib Seaslt & Pepper,ounce,0.474077
Portion BBQ Sauce,each,0.189400
Portion Coffee Mate,each,0.072120
Portion Creamer,each,0.067125
Portion Creamer - Non Dairy,each,0.137611
Portion Creamer 10%,each,0.228000
Portion Cup paper - 1oz,each,0.012556
Portion Honey Dill,each,0.411900
Portion Honey Mustard,each,0.176400
Portion Jalapeno Ranch,each,0.283500
Portion Jam,each,0.217950
Portion Ketchup,each,0.054950
Portion Mustard,each,0.048440
Portion Peanut Butter,each,0.252550
Portion Pepper,each,0.006392
Portion Ranch Dip,each,0.508000
Portion Relish,each,0.074580
Portion Salt,each,0.004210
Portion Sugar,each,0.017895
Portion Sugar Cubes,ounce,0.132156
Portion Sweet & Sour,each,0.311800
Portion Sweetener,each,0.015143
Portion Vinegar,each,0.045500
Portion-Chili Thai Sauce,each,0.209700
Potato Diced Savry,ounce,0.137542
Poutine - Cheese Curds,ounce,0.538924
Poutine-Basket Liner,each,0.041960
PureLife Spring Water,each,0.239200
Raspberry Vodka,ounce,1.076500
Realime,each,2.097500
Red Basket,each,0.000000
Ricos Portioned Cheese,each,1.458333
Salt table slim pk,each,2.420000
Sandwich - Turkey Beef Ham,ounce,0.599981
Sandwich Bread,slice,0.325000
Sandwich- Sliced Turkey,ounce,1.727902
Sandwich-Diced Chicken,ounce,0.491477
Sandwich-Pulled Pork,each,16.327500
Sandwich-Sliced Ham,ounce,1.471906
Saran Wrap (Plastic Food Wrap),each,0.016495
Saran Wrap 2000FT Roll,roll,28.170000
Sauce - Honey Garlic,ounce,0.206455
Sauce - Northern Heat Cayenne Hot,ounce,0.218085
Sauce BBQ Classic Kansas CT Style,ounce,0.130900
Sauce Chili Thai Sweet PRTN,each,0.000000
Sauce- BBQ Honey Garlic,each,26.600000
Sauce- Wings Buffalo Red Hot,each,39.090000
SHOP COFFEE MATE,each,3.717500
"Skewer 4"" Knotted",each,0.071670
Skewer Bamboo Paddle Stick,each,0.034610
Snow Cone - 6oz Cups,each,0.090000
Snow Cone - Blue Raspberry Syrup,ounce,0.155261
Snow Cone - Cherry Syrup,ounce,0.133081
SOUP BASE BEEF,each,54.380000
SOUP BASE CHICKEN,each,36.170000
Soup Base Vegetable,ounce,56.810000
Soup Chicken Noodle,ounce,0.206563
Soup Cream of Broccoli,ounce,0.270417
Soup Cream of Mushroom,ounce,0.299219
Soup Cream of Vegetable,ounce,0.270417
SOUP MINESTRONE,ounce,0.241000
SOUP POTATO BACON,ounce,0.252813
SOUP SPLIT PEA W HAM,ounce,0.253333
SOUP TOMATO BISQUE,ounce,0.225156
Soup- Chili,ounce,0.243700
Soup- Soda Crackers,each,0.040340
Soup- Vegetable Mix Californian,each,6.100000
Soup-Potato Leek Soup,each,42.740000
Soup-Stew Chicken Hearty & Vegetables,ounce,10.710000
Special Cookie,each,0.000000
Strongbow Rose apple Cider,each,4.180000
Syrup - Cocktail Neutral Base,ounce,0.236588
Syrup - Giffard Elderflower,ounce,0.546815
Syrup - Giffard Mojito Mix,ounce,0.546815
Syrup - Giffard Pina Colada,ounce,0.546815
Syrup - Grenadine,ounce,0.546815
Tallboy - NorthWest Pale Ale,each,2.617500
Tallboy - Strongbow Cider,each,4.280000
Tea - Apple Orc Spice,each,0.187917
Tea - Chai,item,0.187917
Tea - Chamomile,each,0.182417
Tea - Earl Grey Grove,each,0.187917
Tea - Green Tea,each,0.217083
Tea - Red Rose,each,0.041560
Tea Apple Orchard Spice,each,0.000000
Tea Earl Grey Grove,each,0.000000
Tea Peppermint,each,0.000000
TEA PPRMT,each,0.187917
Tortilla Flour WHL Wheat 12in,each,0.361500
"Tortilla Tomato Basil 12""",each,0.681000
"Towel Paper 11"" 2 ply",roll,1.618750
Twist Ties,each,0.006075
Twisted Yard Bottle,each,3.250000
Uniform - Hairnet Nylon,each,0.203271
Uniform-Hairnet Brown Mesh,each,0.555278
W-Tabasco,ounce,1.146528
Waffle Cone,each,0.570000
Waffle Maker Griddle Conditioner,each,6.950000
Waffle Mix,ounce,0.262462
Wet Floor Sign,each,14.990000
Wetnaps,each,0.016440
White Paper Straw,each,0.032000
Wiener - Footlong Nats,each,2.468000
Wiener - Hot Dog,each,0.896500
Wiener - Hot Dog (Coop),each,0.561875
Wiener - Smokie,each,1.636200
Wine - Apothic Red - 750mL,ounce,0.566923
Wine - Apothic White - 750mL,ounce,0.634231
Wine - Bodacious - 750mL,ounce,0.395769
Wine - Bright President Grande Reserve 750ml,ounce,0.441923
Wine - Bubbles Yellowtail - 750mL,ounce,0.384231
Wine - Carpene Malvolti 1868,ounce,0.938054
Wine - Casillero del Diable Cab Sauv,each,13.990000
Wine - Chateu Lafon 750ml,ounce,4.776538
Wine - Clark Estates Riverside Terrace,ounce,0.837506
Wine - Colaneri Amaroso,ounce,2.878041
Wine - Cono Sur Car/Cab Sauv/Syr Organic,each,14.990000
Wine - Cono Sur Chard Organic,each,14.990000
Wine - Cono Sur Sauv Blanc Organic,each,14.990000
Wine - Conviction Sovereign Opal - 750mL,ounce,0.617692
Wine - Copper Moon Cab Sauv - 750mL,ounce,0.384200
Wine - Copper Moon Pinot Grigio - 750mL,ounce,0.384231
Wine - Copper Moon Rose - 750mL,ounce,0.422692
Wine - Famiglia Bianchi,ounce,0.803990
Wine - Fantini - 750mL,ounce,0.490000
Wine - Field & Flight Cab Sav,ounce,1.115000
Wine - Frontera Pinot Grigio,ounce,0.354495
Wine - J Lohr & Oaks,ounce,1.115000
Wine - J Lohr Los Osos Merlot,ounce,1.064232
Wine - J Lohr Riverstone Chardonnay,ounce,0.999615
Wine - Jacob's Creek Moscato Rose,ounce,0.709357
Wine - Kim Crawford Chardonnay,ounce,19.990000
Wine - Kim Crawford Pinot Noir,ounce,0.749615
Wine - La Marca Prosecco,ounce,0.807308
Wine - Longshot Cab Sav,ounce,0.576538
Wine - Longshot Rose,ounce,0.576500
Wine - No.99 Pinot Grigio - 750mL,ounce,0.691923
Wine - No.99 The Great White - 750mL,ounce,0.691923
Wine - Peller Cab Sav,ounce,0.422692
Wine - Peller Estates Cab Merlot - 200mL,each,3.290000
Wine - Peller Estates Chardonnay - 200mL,each,2.550000
Wine - Peller Pinot Grigio - 200ml,each,3.290000
Wine - Raven Deep Dark Red - 750mL,ounce,0.691923
Wine - Salina Monastrell,ounce,0.736958
Wine - Tilimuqui - 750mL,ounce,0.487692
Wine - Tom Gore Cab Sav,ounce,0.768846
Wine - Tom Gore Chardonnay,ounce,0.768846
Wine - Vintage Ink Rebel Red 750ml,ounce,0.748788
Wine - Vintage Ink White 750ml,ounce,0.748788
Wine - Wayne Gretzky Pinot Grigio,each,0.000000
Wine - Yellow Tail Moscato - 750mL,ounce,0.576538
Wine - Zenato Classico,ounce,0.803596
Wine - Zenato Pinot Grigio,ounce,0.619849
Wine - Zenato Ripassa,ounce,1.113521
Wine Treana Cab Sav,ounce,1.576538
Wine- Ama Bene Sangiovese Bttl,each,14.990000
Wine- Austin Hope,ounce,2.884231
Wine- Austin Hope Cab Sav,ounce,2.884231
Wine- Barefoot Merlot,ounce,0.487083
Wine- Barefoot Pigr,ounce,2.535000
Wine- Gallo Moscato,ounce,0.461154
Wine- Gallo White Zinfandel,ounce,0.345800
Wine- Josh Cellars Merlot,ounce,0.845769
Wine- Josh Cellars Pinot,ounce,0.845800
Wine- Lindeman's Bin 65 Chardonnay,ounce,13.990000
Wine- Lindeman's Rose,ounce,0.538100
Wine- Longshot Pinot Grigio,ounce,0.576538
wine- Longshot Red bottle,each,0.000000
Wine- Longshot White Bottle,each,0.000000
Wine- Martini Rossi Rose,ounce,0.518800
Wine- Peller Pinot Grigio,ounce,0.461154
Wine- Sawmill CK Chard,ounce,0.395769
Wine- Sawmill CK Merlot,ounce,0.395769
Wine- Sparkling Brut,each,12.990000
Wine- Sweet Bree Red,ounce,0.511200
Wine- Wente Morning Fog Chardonnay,ounce,0.691900
Wine-Angus the Bull Cab/Sav,ounce,0.691900
Wine-Josh Cellars Chardonnay,ounce,0.845769
Wine-Lindemans Bin 45 Cab Sav,ounce,0.480385
Wine-Lindemans Bin 85 Pinot Grigio,ounce,0.480385
Worcestershire,ounce,0.671354
xxxx,item,0.000000
zzzz,ounce,0.000000
zzzz2,ounce,0.000000
